-1.971878702508190884e+01,-9.505641429677421428e+00,0.000000000000000000e+00
-8.023181148173168964e+00,-9.268700554057268448e+00,1.000000000000000000e+00
-8.734817505226818213e+00,-1.122010461275597493e+01,1.000000000000000000e+00
-1.985505343445789350e+01,-9.246797973112851565e+00,0.000000000000000000e+00
-1.003197433831339147e+01,-1.013778119729930260e+01,1.000000000000000000e+00
-1.980450085687163764e+01,-1.002214944312024159e+01,0.000000000000000000e+00
-1.957800283139138386e+01,-8.410570772571791309e+00,0.000000000000000000e+00
-1.993779593531720096e+01,-8.903524316878364431e+00,0.000000000000000000e+00
-1.033379427405204609e+01,-1.009687953839077679e+01,1.000000000000000000e+00
-9.030238741789133883e+00,-9.852790861900411201e+00,1.000000000000000000e+00
-1.201414454447573377e+01,-1.050514119233746158e+01,1.000000000000000000e+00
-1.015591385609450725e+01,-1.015152888122742958e+01,1.000000000000000000e+00
-1.092659780688178195e+01,-1.054421194293177422e+01,1.000000000000000000e+00
-2.087779083436256045e+01,-1.023343975809282824e+01,0.000000000000000000e+00
-1.739357344285050999e+01,-1.070427559142312646e+01,0.000000000000000000e+00
-1.125106955914480444e+01,-1.015490149632849537e+01,1.000000000000000000e+00
-8.653380405171413159e+00,-9.869861325186597867e+00,1.000000000000000000e+00
-1.126674608197615690e+01,-1.018743911471791996e+01,1.000000000000000000e+00
-2.063101811741891467e+01,-8.818900464966120012e+00,0.000000000000000000e+00
-9.763161954828428080e+00,-1.013334697674405582e+01,1.000000000000000000e+00
-1.108678395822394691e+01,-9.434865699538274697e+00,1.000000000000000000e+00
-7.320296090125580690e+00,-1.117639374560246424e+01,1.000000000000000000e+00
-1.016800836242220463e+01,-9.905143219525417209e+00,1.000000000000000000e+00
-1.912560989716480719e+01,-8.395287676148587508e+00,0.000000000000000000e+00
-9.197343086525041400e+00,-9.140865147912103694e+00,1.000000000000000000e+00
-8.935034883393258909e+00,-1.089690975010170249e+01,1.000000000000000000e+00
-2.126848045212332039e+01,-1.022920912378473624e+01,0.000000000000000000e+00
-2.034143147624242687e+01,-1.136993091664515987e+01,0.000000000000000000e+00
-1.995636269781066829e+01,-1.003645012019300964e+01,0.000000000000000000e+00
-1.018855532344592696e+01,-9.866651819896086195e+00,1.000000000000000000e+00
-1.957468652203720083e+01,-1.039770604668313503e+01,0.000000000000000000e+00
-1.904037895144482206e+01,-1.056235860064898446e+01,0.000000000000000000e+00
-1.146266373790601101e+01,-1.144657906751354126e+01,1.000000000000000000e+00
-1.021087933323634189e+01,-1.194176138288219313e+01,1.000000000000000000e+00
-2.072354927717011819e+01,-1.055558411396403962e+01,0.000000000000000000e+00
-1.882170790035322838e+01,-9.899239400843976355e+00,0.000000000000000000e+00
-2.003182198089404409e+01,-1.312567523987848617e+01,0.000000000000000000e+00
-8.843374558207329983e+00,-9.869883567333850749e+00,1.000000000000000000e+00
-1.822669267533913384e+01,-9.659708757741775287e+00,0.000000000000000000e+00
-9.391691183486047478e+00,-1.066902685204941292e+01,1.000000000000000000e+00
-9.785404519455276784e+00,-1.148525239450822077e+01,1.000000000000000000e+00
-1.968536003787744448e+01,-1.063485547043820567e+01,0.000000000000000000e+00
-1.993887323058175198e+01,-1.055403412992647283e+01,0.000000000000000000e+00
-2.057554338867767285e+01,-1.061426380041603323e+01,0.000000000000000000e+00
-1.158609220699309894e+01,-9.104534110555682958e+00,1.000000000000000000e+00
-2.019912334857722769e+01,-1.098532382204775004e+01,0.000000000000000000e+00
-1.085385309670576959e+01,-9.131387909929937763e+00,1.000000000000000000e+00
-1.954976464436371586e+01,-1.021060154021559718e+01,0.000000000000000000e+00
-2.037176275130779857e+01,-8.741724526636575732e+00,0.000000000000000000e+00
-1.932343158862322952e+01,-1.084057949790452646e+01,0.000000000000000000e+00
-1.825651074465431378e+01,-1.121896029268158657e+01,0.000000000000000000e+00
-1.105132916178214941e+01,-1.219971372507574614e+01,1.000000000000000000e+00
-8.618753063309920748e+00,-1.024488832597887011e+01,1.000000000000000000e+00
-1.003149758194525276e+01,-9.722900057859666489e+00,1.000000000000000000e+00
-2.002508295304774322e+01,-9.325082392008832599e+00,0.000000000000000000e+00
-2.186099278155574765e+01,-9.852778622262293950e+00,0.000000000000000000e+00
-9.864780404158480565e+00,-9.782770648107877776e+00,1.000000000000000000e+00
-1.149112073551957636e+01,-9.024866084170954039e+00,1.000000000000000000e+00
-1.906578804125696536e+01,-9.178988606025567876e+00,0.000000000000000000e+00
-2.005591486718765637e+01,-8.935312591922640379e+00,0.000000000000000000e+00
-1.890133173031069092e+01,-8.548703098256758892e+00,0.000000000000000000e+00
-2.008625449094068571e+01,-1.099634717285002417e+01,0.000000000000000000e+00
-1.059859632711242838e+01,-9.769087727677725042e+00,1.000000000000000000e+00
-1.165873663125718629e+01,-9.390880992582676612e+00,1.000000000000000000e+00
-9.562566085998719601e+00,-9.572636090868307690e+00,1.000000000000000000e+00
-1.077969927239189829e+01,-9.168913346017372845e+00,1.000000000000000000e+00
-2.078857286303913554e+01,-1.047539841690190876e+01,0.000000000000000000e+00
-1.034505607558787155e+01,-1.089266038102314660e+01,1.000000000000000000e+00
-1.976912914812108468e+01,-1.014440372262591161e+01,0.000000000000000000e+00
-1.833847938287070534e+01,-1.076220553331321561e+01,0.000000000000000000e+00
-1.887759520215843168e+01,-1.221964769522589123e+01,0.000000000000000000e+00
-1.119651770000831981e+01,-9.027252512933896966e+00,1.000000000000000000e+00
-8.471072449630730361e+00,-9.552808424498287820e+00,1.000000000000000000e+00
-9.923288689142671259e+00,-9.784532862682393528e+00,1.000000000000000000e+00
-1.253111795407438933e+01,-1.055284788507443494e+01,1.000000000000000000e+00
-2.120259533397383578e+01,-9.114564882436139825e+00,0.000000000000000000e+00
-9.902571421038345534e+00,-9.873051638257486218e+00,1.000000000000000000e+00
-2.057315730543401955e+01,-1.032825250980142506e+01,0.000000000000000000e+00
-1.979348014597889716e+01,-8.161380644647710625e+00,0.000000000000000000e+00
-9.239362435320753519e+00,-1.121578258780306570e+01,1.000000000000000000e+00
-8.472475289453257119e+00,-1.007364416517837746e+01,1.000000000000000000e+00
-2.082198563964095683e+01,-1.188761200871706691e+01,0.000000000000000000e+00
-1.093406741031873608e+01,-1.093934001100231157e+01,1.000000000000000000e+00
-9.077441124470453815e+00,-9.857851804125514761e+00,1.000000000000000000e+00
-1.053039681363489244e+01,-8.875728612621003322e+00,1.000000000000000000e+00
-9.598439116817239380e+00,-9.465842849665165204e+00,1.000000000000000000e+00
-8.485211999946198347e+00,-1.099644970910509656e+01,1.000000000000000000e+00
-1.986372784324099072e+01,-1.051059631114924642e+01,0.000000000000000000e+00
-1.093622972935419924e+01,-1.114002237030669029e+01,1.000000000000000000e+00
-2.024558124133144688e+01,-8.926834853340876563e+00,0.000000000000000000e+00
-1.181538526295159031e+01,-1.028241111760834059e+01,1.000000000000000000e+00
-9.276321171217894346e+00,-1.080592170112964823e+01,1.000000000000000000e+00
-1.960460227222292318e+01,-9.582323480363550416e+00,0.000000000000000000e+00
-1.994802105020006877e+01,-8.559898358581580879e+00,0.000000000000000000e+00
-1.037712630018100768e+01,-9.679380671858023533e+00,1.000000000000000000e+00
-1.944369712872731526e+01,-9.472781680787138114e+00,0.000000000000000000e+00
-2.022411652070627142e+01,-1.004524465748257178e+01,0.000000000000000000e+00
-2.051563163895569630e+01,-9.314854336505373311e+00,0.000000000000000000e+00
-9.279624564263215802e+00,-1.056927686140949874e+01,1.000000000000000000e+00
-9.739858449522563077e+00,-9.481754854247721909e+00,1.000000000000000000e+00
-1.175881380622291239e+01,-8.750290509063139766e+00,1.000000000000000000e+00
-2.039322794493696023e+01,-1.171112264721639207e+01,0.000000000000000000e+00
-1.883817785543542911e+01,-1.025353069738346967e+01,0.000000000000000000e+00
-7.936307991955516172e+00,-9.478939992850694551e+00,1.000000000000000000e+00
-2.283020461244625920e+01,-9.153377981168834054e+00,0.000000000000000000e+00
-1.914447203907258555e+01,-8.635580890873015392e+00,0.000000000000000000e+00
-9.148412897380595155e+00,-1.043500335201313511e+01,1.000000000000000000e+00
-1.876476920397035286e+01,-9.518083783555750799e+00,0.000000000000000000e+00
-1.891147950906742992e+01,-1.040615502397473868e+01,0.000000000000000000e+00
-1.163425223155875976e+01,-1.035572826450889927e+01,1.000000000000000000e+00
-2.091105254169710292e+01,-1.156125000564692762e+01,0.000000000000000000e+00
-9.830911598042977317e+00,-1.016481176798726871e+01,1.000000000000000000e+00
-8.406776502158784581e+00,-1.187488361678707705e+01,1.000000000000000000e+00
-2.059357505413825962e+01,-1.045274617504606418e+01,0.000000000000000000e+00
-1.045337866716115194e+01,-9.259685081731042544e+00,1.000000000000000000e+00
-2.044015051497288127e+01,-9.449286035433326347e+00,0.000000000000000000e+00
-1.014366436006418049e+01,-1.077162235735845464e+01,1.000000000000000000e+00
-9.549598256687371389e+00,-1.114628155535312892e+01,1.000000000000000000e+00
-9.973962313659207268e+00,-9.680253141235475312e+00,1.000000000000000000e+00
-1.907220685347499511e+01,-8.610144036193441153e+00,0.000000000000000000e+00
-2.071528537930058889e+01,-9.740627605398145761e+00,0.000000000000000000e+00
-7.459278724179195130e+00,-1.035050521737187879e+01,1.000000000000000000e+00
-2.118818764756566964e+01,-8.410713539781282222e+00,0.000000000000000000e+00
-9.514361754678299476e+00,-1.135868745924916290e+01,1.000000000000000000e+00
-1.111401504442546440e+01,-1.225351274413477931e+01,1.000000000000000000e+00
-1.089831002086169320e+01,-1.025968392018763709e+01,1.000000000000000000e+00
-2.007680275818376359e+01,-1.112046994142315626e+01,0.000000000000000000e+00
-2.206118433677515256e+01,-1.058078541217854429e+01,0.000000000000000000e+00
-7.326684290115379916e+00,-9.640560100433207324e+00,1.000000000000000000e+00
-8.931169997922467019e+00,-8.858747782195994347e+00,1.000000000000000000e+00
-8.585140148409335481e+00,-9.006231213471016517e+00,1.000000000000000000e+00
-9.430274393391291810e+00,-1.052972845599121321e+01,1.000000000000000000e+00
-9.827221262272958668e+00,-8.511037939640589300e+00,1.000000000000000000e+00
-1.026122769556999614e+01,-1.097163862487101227e+01,1.000000000000000000e+00
-1.131759289672109148e+01,-1.044370970374465735e+01,1.000000000000000000e+00
-1.086639681182792216e+01,-9.404895194359353283e+00,1.000000000000000000e+00
-1.099467168400935257e+01,-1.109974748852547144e+01,1.000000000000000000e+00
-1.106504628766275289e+01,-1.021596916293598589e+01,1.000000000000000000e+00
-1.984674434797523546e+01,-1.066171685849891126e+01,0.000000000000000000e+00
-2.101129895088638833e+01,-9.074655288927653274e+00,0.000000000000000000e+00
-2.040098237923150748e+01,-1.043227110860971152e+01,0.000000000000000000e+00
-1.124579574527117387e+01,-1.073056524476554863e+01,1.000000000000000000e+00
-1.093679875881102959e+01,-8.832956346455908658e+00,1.000000000000000000e+00
-1.867871575745970958e+01,-1.077223434503084576e+01,0.000000000000000000e+00
-2.098093342849894327e+01,-1.131887310512599853e+01,0.000000000000000000e+00
-1.854128514818683371e+01,-1.126146436582257948e+01,0.000000000000000000e+00
-1.030808438576736741e+01,-1.187789625250449710e+01,1.000000000000000000e+00
-1.074247911517326948e+01,-8.875319646623463399e+00,1.000000000000000000e+00
-1.083268742817528540e+01,-1.026189337993537265e+01,1.000000000000000000e+00
-1.899889930984744879e+01,-9.875161089367804124e+00,0.000000000000000000e+00
-1.838048256386256440e+01,-9.629210975469838729e+00,0.000000000000000000e+00
-1.881349690864840341e+01,-9.261190440121733758e+00,0.000000000000000000e+00
-2.195820244538877475e+01,-1.029822779758326412e+01,0.000000000000000000e+00
-1.104073888070772469e+01,-1.125377503453896644e+01,1.000000000000000000e+00
-9.464562993783310674e+00,-9.995053878620712595e+00,1.000000000000000000e+00
-2.003686159947226386e+01,-1.003012720350422882e+01,0.000000000000000000e+00
-2.155337813390884349e+01,-1.021366829391113917e+01,0.000000000000000000e+00
-1.936120416455444726e+01,-1.034241035661842645e+01,0.000000000000000000e+00
-1.903921019582910645e+01,-8.977122744197906457e+00,0.000000000000000000e+00
-1.946530058551963904e+01,-9.620639804538329898e+00,0.000000000000000000e+00
-9.786274248275516285e+00,-8.693663518377668709e+00,1.000000000000000000e+00
-1.026285911534038142e+01,-1.015770746022962889e+01,1.000000000000000000e+00
-9.993283424252343394e+00,-8.528456119729991514e+00,1.000000000000000000e+00
-1.095938805524671089e+01,-8.677958055442669405e+00,1.000000000000000000e+00
-2.041071291926015618e+01,-9.936417967523333061e+00,0.000000000000000000e+00
-1.925386443652680057e+01,-1.019673581161030818e+01,0.000000000000000000e+00
-1.066367199330502835e+01,-1.039415629359664273e+01,1.000000000000000000e+00
-1.112285892814546706e+01,-1.057792876732257703e+01,1.000000000000000000e+00
-1.865836533244049633e+01,-1.148580657790574122e+01,0.000000000000000000e+00
-1.828018420920007614e+01,-1.198546294590878603e+01,0.000000000000000000e+00
-1.871638563913786513e+01,-1.049269764652623849e+01,0.000000000000000000e+00
-1.022984769843140285e+01,-1.040032624747678014e+01,1.000000000000000000e+00
-2.116915813710746264e+01,-1.106938715847902621e+01,0.000000000000000000e+00
-2.037376275878566290e+01,-1.135685110526818775e+01,0.000000000000000000e+00
-2.093854919973125916e+01,-1.032426960945567451e+01,0.000000000000000000e+00
-9.521490547747980315e+00,-9.271630401325015924e+00,1.000000000000000000e+00
-1.869474689957527502e+01,-8.784206410337430881e+00,0.000000000000000000e+00
-2.149550524773221127e+01,-9.063701937218672455e+00,0.000000000000000000e+00
-1.027748860362524930e+01,-1.063690840299878282e+01,1.000000000000000000e+00
-1.943900372847521041e+01,-1.112039203821387545e+01,0.000000000000000000e+00
-7.861394231424190693e+00,-9.050637954636330917e+00,1.000000000000000000e+00
-2.045429643736440539e+01,-9.441222665620355059e+00,0.000000000000000000e+00
-1.903595392122222663e+01,-9.722239847420699022e+00,0.000000000000000000e+00
-1.022294563147888802e+01,-1.027651023922718387e+01,1.000000000000000000e+00
-1.825315302830731667e+01,-8.941810267231060649e+00,0.000000000000000000e+00
-1.882943514161691922e+01,-1.183507526794584130e+01,0.000000000000000000e+00
-2.027125609272684414e+01,-9.640213472198656319e+00,0.000000000000000000e+00
-2.095430195752268077e+01,-1.020420154351972286e+01,0.000000000000000000e+00
-1.845949703105419459e+01,-9.989383687416621527e+00,0.000000000000000000e+00
-1.982716024391364229e+01,-9.587237572420225007e+00,0.000000000000000000e+00
-1.096374911828152499e+01,-9.654706211188333498e+00,1.000000000000000000e+00
-2.058708573445519718e+01,-9.644323038724433417e+00,0.000000000000000000e+00
-2.223051157243235565e+01,-7.356237835424115801e+00,0.000000000000000000e+00
-1.913230491760931784e+01,-9.773880097646250320e+00,0.000000000000000000e+00
-2.107603152543397584e+01,-7.888669002461520918e+00,0.000000000000000000e+00
-9.150705995531364323e+00,-9.401950495382338957e+00,1.000000000000000000e+00
-1.883232063954873681e+01,-9.133626800588039885e+00,0.000000000000000000e+00
-2.023366760795101627e+01,-9.796118833102070766e+00,0.000000000000000000e+00
-9.756831863378309322e+00,-9.953804370605443097e+00,1.000000000000000000e+00
-2.023983081853414134e+01,-1.155233028447157473e+01,0.000000000000000000e+00
-7.640790488781787460e+00,-1.121029414303228577e+01,1.000000000000000000e+00
-1.995100923998784026e+01,-1.001196867194538775e+01,0.000000000000000000e+00
-9.045341512852969501e+00,-1.061158511871381016e+01,1.000000000000000000e+00
-9.199133187145317692e+00,-1.004441404536857441e+01,1.000000000000000000e+00
-1.983984277080712744e+01,-8.624957168729018520e+00,0.000000000000000000e+00
-2.012438903648352451e+01,-1.024104979073678123e+01,0.000000000000000000e+00
-1.693426645679540954e+01,-9.761677612139649796e+00,0.000000000000000000e+00
-1.172504879671510380e+01,-8.851938295697506121e+00,1.000000000000000000e+00
-1.946215276225436952e+01,-8.655842219890905298e+00,0.000000000000000000e+00
-8.475505193322948827e+00,-1.018147214155567148e+01,1.000000000000000000e+00
-1.099841431086888122e+01,-9.338892537281179074e+00,1.000000000000000000e+00
-1.763352843864011632e+01,-1.029775788694440841e+01,0.000000000000000000e+00
-1.857332799886863484e+01,-1.006506085216280155e+01,0.000000000000000000e+00
-9.295874553572421206e+00,-8.315585041361902796e+00,1.000000000000000000e+00
-9.531245542717492469e+00,-9.918350415381274487e+00,1.000000000000000000e+00
-1.007419328616657239e+01,-1.075188706897066560e+01,1.000000000000000000e+00
-9.492681103277394783e+00,-9.831131198530048465e+00,1.000000000000000000e+00
-9.332696866697586913e+00,-8.269613237111309800e+00,1.000000000000000000e+00
-1.022783234864721713e+01,-1.037097646171068099e+01,1.000000000000000000e+00
-1.910418250744304203e+01,-1.004960284050077668e+01,0.000000000000000000e+00
-1.025571183322705160e+01,-1.142743359739601416e+01,1.000000000000000000e+00
-1.900645149424745739e+01,-1.028292238103476564e+01,0.000000000000000000e+00
-1.102361985014341528e+01,-9.868375966292990853e+00,1.000000000000000000e+00
-1.019819965757120173e+01,-9.980961326122221422e+00,1.000000000000000000e+00
-9.358274253646811758e+00,-1.018049944254462780e+01,1.000000000000000000e+00
-9.830436796896529827e+00,-1.074961201849621872e+01,1.000000000000000000e+00
-9.151632033596339255e+00,-1.089617009713272644e+01,1.000000000000000000e+00
-1.098715219782788388e+01,-1.032483138585303983e+01,1.000000000000000000e+00
-2.099561811336297978e+01,-9.478932453827374260e+00,0.000000000000000000e+00
-2.158958283919288590e+01,-1.088872980615802710e+01,0.000000000000000000e+00
-1.977073012215087289e+01,-1.097408465796330468e+01,0.000000000000000000e+00
-2.054007632986608201e+01,-9.542013188545775293e+00,0.000000000000000000e+00
-1.971508814964852618e+01,-8.158869521607671871e+00,0.000000000000000000e+00
-2.018040095174086801e+01,-8.068118471627986565e+00,0.000000000000000000e+00
-9.412432012320541830e+00,-1.036122913707594506e+01,1.000000000000000000e+00
-9.591183229754131290e+00,-8.998838623391286262e+00,1.000000000000000000e+00
-2.134930922089777994e+01,-9.575310862344133866e+00,0.000000000000000000e+00
-1.169622684420842162e+01,-8.567116626862269158e+00,1.000000000000000000e+00
-9.745357448249897914e+00,-1.093041032630794973e+01,1.000000000000000000e+00
-1.995802153778850041e+01,-1.028047742522534769e+01,0.000000000000000000e+00
-9.772605292987249115e+00,-1.036613171509248232e+01,1.000000000000000000e+00
-9.747695858482988029e+00,-1.179040446585415225e+01,1.000000000000000000e+00
-2.184676809122949948e+01,-9.366814649532242854e+00,0.000000000000000000e+00
-1.073641991200251233e+01,-1.042852560720550592e+01,1.000000000000000000e+00
-1.957791117669912850e+01,-1.057913680517544464e+01,0.000000000000000000e+00
-1.069734047240770103e+01,-1.240473312548299489e+01,1.000000000000000000e+00
-9.559101030692392698e+00,-8.955787530089285298e+00,1.000000000000000000e+00
-1.063552917018050792e+01,-9.570957951315950396e+00,1.000000000000000000e+00
-2.079211431916413133e+01,-8.913096302015043548e+00,0.000000000000000000e+00
-1.038449986858266527e+01,-1.051012202016924135e+01,1.000000000000000000e+00
-9.413794556025109728e+00,-8.648267644293575529e+00,1.000000000000000000e+00
-1.881412041909736743e+01,-9.001900612410636882e+00,0.000000000000000000e+00
-1.910923542448400170e+01,-1.069282276226950756e+01,0.000000000000000000e+00
-1.983737805159822543e+01,-1.104959889468100442e+01,0.000000000000000000e+00
-1.041397537525879535e+01,-9.784974042435738539e+00,1.000000000000000000e+00
-1.058931698719776904e+01,-9.721206475089372745e+00,1.000000000000000000e+00
-1.972013631936704670e+01,-1.040113418979244564e+01,0.000000000000000000e+00
-7.627650039434435314e+00,-1.010119255048461895e+01,1.000000000000000000e+00
-1.858859391456481447e+01,-1.055304784391945105e+01,0.000000000000000000e+00
-2.076922041201722280e+01,-8.771140762162545457e+00,0.000000000000000000e+00
-1.993085650647851637e+01,-1.006979849120020987e+01,0.000000000000000000e+00
-9.287914422760913169e+00,-1.030292051000515130e+01,1.000000000000000000e+00
-2.015377071336374826e+01,-9.073049043347458209e+00,0.000000000000000000e+00
-9.467686943471587568e+00,-1.082564260782160659e+01,1.000000000000000000e+00
-1.903596113454674210e+01,-9.873327795470149937e+00,0.000000000000000000e+00
-1.981385155230985617e+01,-9.012193912469765422e+00,0.000000000000000000e+00
-1.950451538453934219e+01,-1.071564686788382659e+01,0.000000000000000000e+00
-1.914131006812797864e+01,-1.031466589861804728e+01,0.000000000000000000e+00
-1.064913179101660212e+01,-9.302320423839899988e+00,1.000000000000000000e+00
-7.379515043977891153e+00,-1.066887185774964131e+01,1.000000000000000000e+00
-1.868448566201257321e+01,-8.841256686600374337e+00,0.000000000000000000e+00
-2.140535485750494260e+01,-1.117028894473047629e+01,0.000000000000000000e+00
-1.986496294507472626e+01,-1.106861735116233092e+01,0.000000000000000000e+00
-9.197535840500771442e+00,-1.049330515082471926e+01,1.000000000000000000e+00
-1.965300633835723332e+01,-1.070529121910202441e+01,0.000000000000000000e+00
-2.099105234442964374e+01,-1.043675431183344138e+01,0.000000000000000000e+00
-1.033753094427610719e+01,-1.223807976130316355e+01,1.000000000000000000e+00
-1.000546910389423338e+01,-1.075109065124233254e+01,1.000000000000000000e+00
-1.036824675977080723e+01,-1.075555692391818674e+01,1.000000000000000000e+00
-1.000063821749042248e+01,-1.074423265604912991e+01,1.000000000000000000e+00
-2.035554792784565237e+01,-1.098153072184635448e+01,0.000000000000000000e+00
-1.130583405346680514e+01,-9.658019204948921299e+00,1.000000000000000000e+00
-1.086010720151215558e+01,-9.056693840917061422e+00,1.000000000000000000e+00
-1.950912957417866167e+01,-8.350344181010326494e+00,0.000000000000000000e+00
-1.109334345440909786e+01,-1.064873117591574569e+01,1.000000000000000000e+00
-1.850126238015367619e+01,-7.182845342887269169e+00,0.000000000000000000e+00
-2.024302734287912386e+01,-1.029078654266920445e+01,0.000000000000000000e+00
-1.931314040150990508e+01,-1.012442160773111688e+01,0.000000000000000000e+00
-1.837619693826474432e+01,-1.047537803097136688e+01,0.000000000000000000e+00
-8.686898777339379762e+00,-1.016703779643361649e+01,1.000000000000000000e+00
-1.938476120604113007e+01,-1.029851591753241813e+01,0.000000000000000000e+00
-1.001369637958256043e+01,-9.282135658309943693e+00,1.000000000000000000e+00
-8.630324479520840697e+00,-1.211250563193381069e+01,1.000000000000000000e+00
-9.976380401252717078e+00,-7.665819047665898722e+00,1.000000000000000000e+00
-1.941574953764887113e+01,-9.362456352094655543e+00,0.000000000000000000e+00
-2.226523768426128669e+01,-9.420419901151703357e+00,0.000000000000000000e+00
-1.916091292577177896e+01,-9.833234233424297699e+00,0.000000000000000000e+00
-2.080630543795328435e+01,-9.191351405208440184e+00,0.000000000000000000e+00
-2.024052406303653129e+01,-7.909336438864846386e+00,0.000000000000000000e+00
-1.133813442358523815e+01,-1.187618505037317540e+01,1.000000000000000000e+00
-1.080678984464312720e+01,-1.119318032296042986e+01,1.000000000000000000e+00
-2.060558856540176365e+01,-9.547158624442017683e+00,0.000000000000000000e+00
-9.579861870042895688e+00,-1.093674847266716199e+01,1.000000000000000000e+00
-1.956302909449817307e+01,-9.763014778815254147e+00,0.000000000000000000e+00
-9.811652332778486141e+00,-8.242341878959951629e+00,1.000000000000000000e+00
-1.046250364893447937e+01,-1.020271263802052886e+01,1.000000000000000000e+00
-1.996161499530610683e+01,-9.411962459898601807e+00,0.000000000000000000e+00
-9.468176743552055186e+00,-1.070285273711840546e+01,1.000000000000000000e+00
-2.122204020056050311e+01,-1.012445370463328231e+01,0.000000000000000000e+00
-9.561828087793845299e+00,-9.279859378815327631e+00,1.000000000000000000e+00
-1.091833744295504971e+01,-1.064141480317631050e+01,1.000000000000000000e+00
-1.871817082429999246e+01,-9.778550153723244875e+00,0.000000000000000000e+00
-9.059730995543372245e+00,-1.029734329782960067e+01,1.000000000000000000e+00
-1.980385984859177029e+01,-8.996725538266279187e+00,0.000000000000000000e+00
-1.028431192232527636e+01,-9.446588627642405811e+00,1.000000000000000000e+00
-2.070402870896526437e+01,-8.640940534735277012e+00,0.000000000000000000e+00
-8.517420358842384687e+00,-9.811904329476179853e+00,1.000000000000000000e+00
-1.037657273863069918e+01,-9.828651316281693084e+00,1.000000000000000000e+00
-1.053683658516204424e+01,-9.849563976365363516e+00,1.000000000000000000e+00
-9.950188053161014068e+00,-9.305921639899811026e+00,1.000000000000000000e+00
-1.898501369272799622e+01,-9.738878406736089843e+00,0.000000000000000000e+00
-2.003447433556651447e+01,-1.072538504672241899e+01,0.000000000000000000e+00
-2.060814425249452597e+01,-9.041065472880285725e+00,0.000000000000000000e+00
-1.910495973529424063e+01,-9.721768199507385688e+00,0.000000000000000000e+00
-1.109360043830811726e+01,-9.413214407121152760e+00,1.000000000000000000e+00
-1.988061942183478337e+01,-9.944876368145276757e+00,0.000000000000000000e+00
-1.031321301852875116e+01,-1.022258574088876415e+01,1.000000000000000000e+00
-1.011191517753265856e+01,-1.089256649925181186e+01,1.000000000000000000e+00
-9.554152111280258097e+00,-1.032783498179131243e+01,1.000000000000000000e+00
-2.119966315528443701e+01,-7.945251217172038416e+00,0.000000000000000000e+00
-2.006873395033161245e+01,-1.097671447373337905e+01,0.000000000000000000e+00
-1.061860901013655401e+01,-1.017760643469659065e+01,1.000000000000000000e+00
-1.044540172988689264e+01,-1.184982329974694260e+01,1.000000000000000000e+00
-1.026419769397729631e+01,-9.951090269240108199e+00,1.000000000000000000e+00
-1.141818387675956892e+01,-1.117512870017967863e+01,1.000000000000000000e+00
-2.049759953139198743e+01,-1.037022275640228308e+01,0.000000000000000000e+00
-1.117984230778990451e+01,-9.491682555949980227e+00,1.000000000000000000e+00
-2.010350790418131339e+01,-9.861581848502401826e+00,0.000000000000000000e+00
-1.026916169177090410e+01,-1.107049405815920373e+01,1.000000000000000000e+00
-2.189084939896770265e+01,-9.810455498095079108e+00,0.000000000000000000e+00
-1.016345886084182126e+01,-1.165226257059801362e+01,1.000000000000000000e+00
-1.892227717040890056e+01,-1.103268788511419807e+01,0.000000000000000000e+00
-9.446589925789409037e+00,-8.923179100151136467e+00,1.000000000000000000e+00
-1.927372492408960980e+01,-1.022614745240105805e+01,0.000000000000000000e+00
-1.980871197084213975e+01,-1.099411357054888150e+01,0.000000000000000000e+00
-1.094617120695761159e+01,-1.181350391324076021e+01,1.000000000000000000e+00
-9.707888437188501030e+00,-1.074035909371793984e+01,1.000000000000000000e+00
-1.037695709539621980e+01,-1.142377171165240668e+01,1.000000000000000000e+00
-1.066536725285832787e+01,-1.005625607953348144e+01,1.000000000000000000e+00
-9.993072738288443446e+00,-9.345666893967880640e+00,1.000000000000000000e+00
-1.695095281102688745e+01,-1.061857030952206138e+01,0.000000000000000000e+00
-9.618291209639421524e+00,-9.978830030979720433e+00,1.000000000000000000e+00
-2.149205978657197846e+01,-9.572935979354838310e+00,0.000000000000000000e+00
-2.301422560863369782e+01,-9.621589855581682116e+00,0.000000000000000000e+00
-1.027756290431631214e+01,-1.106724535447718161e+01,1.000000000000000000e+00
-9.934039590925531016e+00,-9.587665811783928405e+00,1.000000000000000000e+00
-8.290785791362479173e+00,-8.561612450061593549e+00,1.000000000000000000e+00
-1.980733626839069217e+01,-9.862765037650508049e+00,0.000000000000000000e+00
-1.175201165491871791e+01,-9.762260076223620686e+00,1.000000000000000000e+00
-1.069873252533349017e+01,-1.057122788903841126e+01,1.000000000000000000e+00
-2.056755053681393264e+01,-9.510432781432641036e+00,0.000000000000000000e+00
-9.021013150596187913e+00,-1.099974815404682182e+01,1.000000000000000000e+00
-1.914012246356119817e+01,-8.816380540766129315e+00,0.000000000000000000e+00
-2.097024733689254816e+01,-9.805482384835583431e+00,0.000000000000000000e+00
-1.121345175657151927e+01,-9.489797827032298017e+00,1.000000000000000000e+00
-1.020161474180273942e+01,-9.278729409396980543e+00,1.000000000000000000e+00
-1.139158234992591190e+01,-1.138959115508026088e+01,1.000000000000000000e+00
-1.039673105166344591e+01,-1.167587181768513993e+01,1.000000000000000000e+00
-2.127638099037489283e+01,-1.022773926818300083e+01,0.000000000000000000e+00
-1.056522516281106583e+01,-9.138757406772779035e+00,1.000000000000000000e+00
-1.073581128537008311e+01,-1.001639518913566995e+01,1.000000000000000000e+00
-2.132676353283970272e+01,-8.620305903447048834e+00,0.000000000000000000e+00
-1.007193127545260225e+01,-1.004339761792965646e+01,1.000000000000000000e+00
-1.854278648436767796e+01,-9.405716595531881552e+00,0.000000000000000000e+00
-2.085293016326070159e+01,-9.769787080310843308e+00,0.000000000000000000e+00
-9.224615109930827117e+00,-9.332616726931881601e+00,1.000000000000000000e+00
-1.824227024275168318e+01,-9.533303097704960649e+00,0.000000000000000000e+00
-2.012321074167198276e+01,-9.410494444751858367e+00,0.000000000000000000e+00
-9.504865903036435526e+00,-1.087092669946816770e+01,1.000000000000000000e+00
-1.973180745528338775e+01,-9.083650927243038353e+00,0.000000000000000000e+00
-2.048438356393040038e+01,-1.075937170451757297e+01,0.000000000000000000e+00
-1.158451830888391854e+01,-1.014089890809057692e+01,1.000000000000000000e+00
-1.007368471631697027e+01,-1.076192004507373845e+01,1.000000000000000000e+00
-2.219055492792205087e+01,-9.428462253219668909e+00,0.000000000000000000e+00
-1.818851026015557082e+01,-9.886448018729916853e+00,0.000000000000000000e+00
-1.963836154579261617e+01,-1.010760668335243651e+01,0.000000000000000000e+00
-9.599082766204702466e+00,-1.215765155683667231e+01,1.000000000000000000e+00
-8.910262856423443623e+00,-1.112244560150054085e+01,1.000000000000000000e+00
-8.609463879822465415e+00,-1.045034862832881650e+01,1.000000000000000000e+00
-9.610876382012895291e+00,-9.499605526341991180e+00,1.000000000000000000e+00
-1.136325495635563954e+01,-1.075169809381399055e+01,1.000000000000000000e+00
-2.020753408640301174e+01,-1.075369946030962431e+01,0.000000000000000000e+00
-1.953509987741695753e+01,-1.068021949782140645e+01,0.000000000000000000e+00
-8.519898887705895874e+00,-9.508719932836715572e+00,1.000000000000000000e+00
-1.975449801381850889e+01,-9.500057691224798262e+00,0.000000000000000000e+00
-2.097327345425264866e+01,-1.138329412928416140e+01,0.000000000000000000e+00
-8.843125253411804110e+00,-9.308222007722452673e+00,1.000000000000000000e+00
-1.924429608917231960e+01,-9.576084763619569173e+00,0.000000000000000000e+00
-1.927619194995102347e+01,-9.102042606155288595e+00,0.000000000000000000e+00
-1.024390861255884033e+01,-9.780498638234847775e+00,1.000000000000000000e+00
-1.005478479553295301e+01,-1.107238068085603899e+01,1.000000000000000000e+00
-9.581115660651713384e+00,-1.088130318853801626e+01,1.000000000000000000e+00
-9.875416873462938838e+00,-8.736532419485151024e+00,1.000000000000000000e+00
-2.028165873064113711e+01,-9.409500767487179118e+00,0.000000000000000000e+00
-1.132881380376091585e+01,-8.378739702126168254e+00,1.000000000000000000e+00
-9.598655754934933171e+00,-1.007224366261628390e+01,1.000000000000000000e+00
-9.461923399397191403e+00,-1.144370569042062158e+01,1.000000000000000000e+00
-1.033968402210050286e+01,-1.028867013348795112e+01,1.000000000000000000e+00
-1.991039893072008482e+01,-9.702945666003538250e+00,0.000000000000000000e+00
-1.047511153863319500e+01,-1.176374169876525499e+01,1.000000000000000000e+00
-2.014767859624357627e+01,-1.045595028055917375e+01,0.000000000000000000e+00
-2.146510620587568496e+01,-1.061134999878473550e+01,0.000000000000000000e+00
-2.058816792712778110e+01,-9.991356659031501053e+00,0.000000000000000000e+00
-8.684659059293679206e+00,-1.003712384139585723e+01,1.000000000000000000e+00
-8.648198954170778663e+00,-1.084268670600432216e+01,1.000000000000000000e+00
-2.048668768033872567e+01,-1.098990171192359888e+01,0.000000000000000000e+00
-1.987483195401089020e+01,-8.442156964349853965e+00,0.000000000000000000e+00
-1.859749379120391666e+01,-9.692886286317293099e+00,0.000000000000000000e+00
-2.016482846899670633e+01,-1.009255545631608619e+01,0.000000000000000000e+00
-9.913551959349799603e+00,-9.711681085951457959e+00,1.000000000000000000e+00
-1.993220697072113978e+01,-9.752222109916097281e+00,0.000000000000000000e+00
-9.907132396932997409e+00,-1.081726628020792624e+01,1.000000000000000000e+00
-9.148709178228898509e+00,-9.258636541114402263e+00,1.000000000000000000e+00
-2.062922495124064071e+01,-9.752961103628592809e+00,0.000000000000000000e+00
-8.743667562946704663e+00,-1.071525284929157351e+01,1.000000000000000000e+00
-1.031592900996983708e+01,-1.119074741268103246e+01,1.000000000000000000e+00
-1.021566918375895305e+01,-1.015261094628269412e+01,1.000000000000000000e+00
-8.241467183292671805e+00,-9.466530218334709090e+00,1.000000000000000000e+00
-1.018396929515496829e+01,-9.680454987203233941e+00,1.000000000000000000e+00
-8.943656356022772869e+00,-1.006142086005653802e+01,1.000000000000000000e+00
-1.001755426408134575e+01,-8.622248110696942192e+00,1.000000000000000000e+00
-9.570241510392065720e+00,-9.277991046476348203e+00,1.000000000000000000e+00
-2.003929116940501487e+01,-1.111002664567020304e+01,0.000000000000000000e+00
-2.098500943873088431e+01,-1.027613071842663217e+01,0.000000000000000000e+00
-2.079386608621724264e+01,-1.077652129166723860e+01,0.000000000000000000e+00
-8.437354520096697286e+00,-9.855601824019158741e+00,1.000000000000000000e+00
-9.491259188335890329e+00,-1.085641044364194663e+01,1.000000000000000000e+00
-9.660714501166790313e+00,-9.167774910870857497e+00,1.000000000000000000e+00
-2.050308151416944824e+01,-8.635702216428256861e+00,0.000000000000000000e+00
-1.088176444451285718e+01,-1.225056236278807198e+01,1.000000000000000000e+00
-2.041089756449003545e+01,-1.114103011276200483e+01,0.000000000000000000e+00
-9.196945246295310739e+00,-1.059244216362079882e+01,1.000000000000000000e+00
-2.168831011205913839e+01,-9.664159761121943859e+00,0.000000000000000000e+00
-1.021841922160832361e+01,-8.928894216398497008e+00,1.000000000000000000e+00
-9.853907378909429582e+00,-9.977894892887753997e+00,1.000000000000000000e+00
-1.967207405356140626e+01,-8.454115200098911487e+00,0.000000000000000000e+00
-2.259313411612505718e+01,-9.888372367163448473e+00,0.000000000000000000e+00
-2.053169174798824770e+01,-1.064281372718382634e+01,0.000000000000000000e+00
-1.026847962194560004e+01,-1.016462583379226459e+01,1.000000000000000000e+00
-2.010977312920288540e+01,-8.302849350500739689e+00,0.000000000000000000e+00
-8.278728238920063376e+00,-8.706485195795412579e+00,1.000000000000000000e+00
-1.228142858703017026e+01,-1.003824391954089634e+01,1.000000000000000000e+00
-2.030295778491269587e+01,-1.024391755033039253e+01,0.000000000000000000e+00
-1.000086876382458101e+01,-9.865066504419919724e+00,1.000000000000000000e+00
-1.060525643093292203e+01,-8.617612498528655962e+00,1.000000000000000000e+00
-1.061289828369164923e+01,-7.807414808715499532e+00,1.000000000000000000e+00
-2.048011430498251428e+01,-8.149533327764673984e+00,0.000000000000000000e+00
-9.759680663539143097e+00,-9.705569934671974153e+00,1.000000000000000000e+00
-2.084329902901994558e+01,-9.927985322954544500e+00,0.000000000000000000e+00
-1.061755354555642761e+01,-9.467274953240345070e+00,1.000000000000000000e+00
-1.237543520052031454e+01,-1.183648941695739154e+01,1.000000000000000000e+00
-1.920114200292034567e+01,-1.067953377410650795e+01,0.000000000000000000e+00
-9.637136987385744646e+00,-9.864453539158144935e+00,1.000000000000000000e+00
-8.311795228200947960e+00,-1.111009463159989963e+01,1.000000000000000000e+00
-1.913205840870807606e+01,-9.411158673815139153e+00,0.000000000000000000e+00
-2.005380812584738237e+01,-1.065043754775730811e+01,0.000000000000000000e+00
-1.884840077112488288e+01,-8.770229851912388241e+00,0.000000000000000000e+00
-1.023824661837113403e+01,-9.578508395854615998e+00,1.000000000000000000e+00
-1.037826227410214841e+01,-1.025663029183244390e+01,1.000000000000000000e+00
-1.153568079284451819e+01,-1.126373581431853133e+01,1.000000000000000000e+00
-1.106858382520212913e+01,-9.880236242057376828e+00,1.000000000000000000e+00
-1.987316417763675247e+01,-7.658850868590874938e+00,0.000000000000000000e+00
-1.830019260330350050e+01,-1.015570576386786250e+01,0.000000000000000000e+00
-2.141100425416960817e+01,-1.149180797419030498e+01,0.000000000000000000e+00
-1.935774385536024411e+01,-8.343278686973771840e+00,0.000000000000000000e+00
-1.909114993874640831e+01,-1.053614997565313516e+01,0.000000000000000000e+00
-9.092328909730952091e+00,-9.608792633495008673e+00,1.000000000000000000e+00
-2.186162190498331981e+01,-8.458841218886089308e+00,0.000000000000000000e+00
-1.052813511628393428e+01,-1.175368099117390308e+01,1.000000000000000000e+00
-8.907063602113094447e+00,-1.111759993182049655e+01,1.000000000000000000e+00
-1.994392883695889651e+01,-9.611928986118586593e+00,0.000000000000000000e+00
-1.880945562931097825e+01,-1.040075949367632546e+01,0.000000000000000000e+00
-1.963497118443470768e+01,-1.152641255705439960e+01,0.000000000000000000e+00
-2.027943061131982105e+01,-1.084034107520531087e+01,0.000000000000000000e+00
-1.144280862606578175e+01,-9.549800348395789840e+00,1.000000000000000000e+00
-8.700563947678473298e+00,-8.478933520280586222e+00,1.000000000000000000e+00
-1.879684076194659781e+01,-1.130242200969796684e+01,0.000000000000000000e+00
-2.132892448756201631e+01,-1.016793033044205785e+01,0.000000000000000000e+00
-9.749107314649339884e+00,-9.685472683701306096e+00,1.000000000000000000e+00
-1.172820956972673301e+01,-1.085370842651738243e+01,1.000000000000000000e+00
-2.242823519161926882e+01,-9.087421203445908091e+00,0.000000000000000000e+00
-2.015771720327497363e+01,-1.048550285709592877e+01,0.000000000000000000e+00
-1.041856775693426052e+01,-1.004633874399066684e+01,1.000000000000000000e+00
-9.110177752760971970e+00,-1.171826874531439344e+01,1.000000000000000000e+00
-9.113072231958955882e+00,-8.118679957242044054e+00,1.000000000000000000e+00
-1.972955280544242740e+01,-8.395211269046935598e+00,0.000000000000000000e+00
-8.377256158431983124e+00,-9.311619398457656516e+00,1.000000000000000000e+00
-9.611813364940626769e+00,-7.631506021397020945e+00,1.000000000000000000e+00
-8.839034708816512875e+00,-1.006625155574790931e+01,1.000000000000000000e+00
-1.986703257707229753e+01,-1.174899642103748931e+01,0.000000000000000000e+00
-2.001766049095869349e+01,-1.035747674792794726e+01,0.000000000000000000e+00
-9.745851894338530386e+00,-1.150027161564471001e+01,1.000000000000000000e+00
-2.105726879735372492e+01,-1.013441028150602108e+01,0.000000000000000000e+00
-9.284417225518305727e+00,-9.274769099318735499e+00,1.000000000000000000e+00
-9.939258813595685638e+00,-9.106620518860628621e+00,1.000000000000000000e+00
-1.926299685766999659e+01,-1.038044563974760948e+01,0.000000000000000000e+00
-1.075596487768751786e+01,-1.048037436230740838e+01,1.000000000000000000e+00
-9.016129661994003897e+00,-9.364216967158990101e+00,1.000000000000000000e+00
-1.910831823462898171e+01,-1.116706694785072784e+01,0.000000000000000000e+00
-2.043579549700136866e+01,-9.206611176794462281e+00,0.000000000000000000e+00
-1.885603950187555355e+01,-9.358662927655517549e+00,0.000000000000000000e+00
-1.045057397052546122e+01,-9.114446130805372803e+00,1.000000000000000000e+00
-9.224801323890716276e+00,-1.117684973960607842e+01,1.000000000000000000e+00
-2.114464665582602976e+01,-9.977654601421164671e+00,0.000000000000000000e+00
-2.074238755924475441e+01,-1.054937349467402363e+01,0.000000000000000000e+00
-8.892788973862272073e+00,-1.077548232238910586e+01,1.000000000000000000e+00
-2.020762495648395429e+01,-9.688174804925317574e+00,0.000000000000000000e+00
-2.005570898609387953e+01,-8.877114971998654624e+00,0.000000000000000000e+00
-1.962632166184348392e+01,-1.061908171459289640e+01,0.000000000000000000e+00
-1.113212332143421790e+01,-9.570555478149358919e+00,1.000000000000000000e+00
-2.077872186908023622e+01,-1.012586927044158536e+01,0.000000000000000000e+00
-1.844899581448806103e+01,-1.013771552512628382e+01,0.000000000000000000e+00
-2.042820655501171956e+01,-1.035438742217116825e+01,0.000000000000000000e+00
-2.061239733422129206e+01,-1.010147902335838666e+01,0.000000000000000000e+00
-1.844340388861622060e+01,-9.652682720325346466e+00,0.000000000000000000e+00
-2.126782934534785952e+01,-1.056884764884615180e+01,0.000000000000000000e+00
-2.146460823206357205e+01,-9.311838623849466146e+00,0.000000000000000000e+00
-2.022660654426804783e+01,-8.872663846859323300e+00,0.000000000000000000e+00
-1.808517758180037660e+01,-8.155842961088401566e+00,0.000000000000000000e+00
-1.952555811189893831e+01,-8.082972620906437200e+00,0.000000000000000000e+00
-1.927870821337727136e+01,-8.938601578035587636e+00,0.000000000000000000e+00
-2.140798697903532499e+01,-1.037165596753337660e+01,0.000000000000000000e+00
-9.638092561925885704e+00,-1.053389020500712725e+01,1.000000000000000000e+00
-1.827494775646604808e+01,-1.045348539784915332e+01,0.000000000000000000e+00
-2.055805219124119887e+01,-9.913305830328319246e+00,0.000000000000000000e+00
-1.279894301435144044e+01,-1.000357111485269002e+01,1.000000000000000000e+00
-1.209709815711448044e+01,-1.052871205071583915e+01,1.000000000000000000e+00
-1.008754717903553377e+01,-9.426900514022266364e+00,1.000000000000000000e+00
-9.734203191736886751e+00,-1.044574663472823595e+01,1.000000000000000000e+00
-8.508546814766772215e+00,-8.358121482022358606e+00,1.000000000000000000e+00
-1.052100766596790393e+01,-1.156392189872480714e+01,1.000000000000000000e+00
-1.953674022395511400e+01,-9.046645740911985811e+00,0.000000000000000000e+00
-2.162424261304679973e+01,-1.074514266097459192e+01,0.000000000000000000e+00
-8.680730075894135922e+00,-9.918275926618960625e+00,1.000000000000000000e+00
-1.050491120645376952e+01,-1.118517784245105418e+01,1.000000000000000000e+00
-2.048550046188348617e+01,-1.032787412630646173e+01,0.000000000000000000e+00
-1.928767321408165003e+01,-1.036124420119252143e+01,0.000000000000000000e+00
-1.873936761182685728e+01,-9.929149263483100896e+00,0.000000000000000000e+00
-2.071993598331639319e+01,-1.008432429495780092e+01,0.000000000000000000e+00
-1.019582451087965858e+01,-9.569592710900487020e+00,1.000000000000000000e+00
-9.507164116118344666e+00,-8.446529297651569124e+00,1.000000000000000000e+00
-2.010264209776617861e+01,-9.720330953675635044e+00,0.000000000000000000e+00
-9.570326066867542281e+00,-9.870388588607468705e+00,1.000000000000000000e+00
-1.770409989746633883e+01,-8.387442143863086841e+00,0.000000000000000000e+00
-1.986152180188116034e+01,-1.008451814101801425e+01,0.000000000000000000e+00
-8.141715692664984516e+00,-1.041715109924649241e+01,1.000000000000000000e+00
-1.758440327597524089e+01,-9.641431919667130757e+00,0.000000000000000000e+00
-2.176524118923000373e+01,-1.096875869402017223e+01,0.000000000000000000e+00
-9.701870170338994015e+00,-9.996050640977257373e+00,1.000000000000000000e+00
-9.914229851413992378e+00,-1.043688981823921580e+01,1.000000000000000000e+00
-2.073265555807570593e+01,-1.156457018352039157e+01,0.000000000000000000e+00
-8.618630868487173302e+00,-1.162363275756086267e+01,1.000000000000000000e+00
-2.131105951402265930e+01,-8.701399843922496657e+00,0.000000000000000000e+00
-2.100815742649576023e+01,-9.065403340376688490e+00,0.000000000000000000e+00
-2.058176474022107527e+01,-9.612560845045063473e+00,0.000000000000000000e+00
-2.100381788426339469e+01,-9.644167050894296267e+00,0.000000000000000000e+00
-1.942913825216136203e+01,-8.219033456745806987e+00,0.000000000000000000e+00
-9.813806025851254944e+00,-1.321156914666006799e+01,1.000000000000000000e+00
-7.827690660620032936e+00,-1.105028923312855760e+01,1.000000000000000000e+00
-1.860202658918191432e+01,-1.027092370094614893e+01,0.000000000000000000e+00
-1.052406346642959711e+01,-9.873246897447735648e+00,1.000000000000000000e+00
-1.084489017856072124e+01,-8.435512810513641213e+00,1.000000000000000000e+00
-1.956917781297587311e+01,-9.605742366406756716e+00,0.000000000000000000e+00
-9.942918924334252395e+00,-1.073571632135589304e+01,1.000000000000000000e+00
-9.531098003731015567e+00,-1.013785566311402242e+01,1.000000000000000000e+00
-2.055606138462031041e+01,-9.513048968334526734e+00,0.000000000000000000e+00
-1.081780870739801692e+01,-9.184166250120229691e+00,1.000000000000000000e+00
-1.169036910549766262e+01,-9.077588028433572376e+00,1.000000000000000000e+00
-1.012678964056825848e+01,-7.507006244602605349e+00,1.000000000000000000e+00
-1.009136993879674193e+01,-1.094907794401832390e+01,1.000000000000000000e+00
-1.890968628564946385e+01,-8.864704752155821765e+00,0.000000000000000000e+00
-1.958332491783297158e+01,-8.300392678940820446e+00,0.000000000000000000e+00
-9.361098262906120127e+00,-8.804827065758116689e+00,1.000000000000000000e+00
-2.023971881699994668e+01,-1.085482048489311602e+01,0.000000000000000000e+00
-1.266209471574743972e+01,-9.334561991417238858e+00,1.000000000000000000e+00
-1.971758811199909189e+01,-8.641062255403117121e+00,0.000000000000000000e+00
-1.954195977630564585e+01,-8.809895802039079626e+00,0.000000000000000000e+00
-2.080477444306701429e+01,-1.134351932149932196e+01,0.000000000000000000e+00
-2.162814852394880916e+01,-9.764171822808650703e+00,0.000000000000000000e+00
-9.637343339971499390e+00,-9.369428036227064993e+00,1.000000000000000000e+00
-1.979749452023814627e+01,-1.046230748546943978e+01,0.000000000000000000e+00
-9.434671109036424141e+00,-1.145999375853995694e+01,1.000000000000000000e+00
-1.018391965520777198e+01,-1.050567838667885745e+01,1.000000000000000000e+00
-1.988238203569656903e+01,-9.796993144614889459e+00,0.000000000000000000e+00
-1.027560288749075035e+01,-1.027204755668457992e+01,1.000000000000000000e+00
-1.959934737479790812e+01,-8.248475474490119197e+00,0.000000000000000000e+00
-1.129719428883145227e+01,-1.012740434795535549e+01,1.000000000000000000e+00
-1.922624608118840683e+01,-8.757501695683325593e+00,0.000000000000000000e+00
-1.972893719217690034e+01,-1.105678921712059548e+01,0.000000000000000000e+00
-9.954585022286517315e+00,-1.087638102621718694e+01,1.000000000000000000e+00
-1.053286966193282481e+01,-8.094788054430601676e+00,1.000000000000000000e+00
-1.079785986641483042e+01,-9.096945692356111834e+00,1.000000000000000000e+00
-9.527712118360664562e+00,-9.247028476684523213e+00,1.000000000000000000e+00
-2.177242207567896770e+01,-9.792065900991381966e+00,0.000000000000000000e+00
-1.104191045925387016e+01,-1.027406533941891276e+01,1.000000000000000000e+00
-2.049688933452863537e+01,-1.153821727930724528e+01,0.000000000000000000e+00
-9.437270975976494114e+00,-1.066377685897879068e+01,1.000000000000000000e+00
-1.021756080619192453e+01,-1.071387399788757833e+01,1.000000000000000000e+00
-9.060440566594570200e+00,-1.148500515310821513e+01,1.000000000000000000e+00
-2.039161260938202602e+01,-9.853668039933118905e+00,0.000000000000000000e+00
-1.119100422271360529e+01,-8.953989281671891121e+00,1.000000000000000000e+00
-9.986624265772716669e+00,-1.068283693007463597e+01,1.000000000000000000e+00
-2.169804054221713585e+01,-9.344793508653097547e+00,0.000000000000000000e+00
-2.153398067111440284e+01,-1.105613376720329910e+01,0.000000000000000000e+00
-8.977790273625084083e+00,-9.597066126589867352e+00,1.000000000000000000e+00
-9.629796317386038140e+00,-9.610854686572043448e+00,1.000000000000000000e+00
-1.947630678508700086e+01,-9.975665878457235181e+00,0.000000000000000000e+00
-9.794006415236781393e+00,-1.082727138800121836e+01,1.000000000000000000e+00
-8.622241765768063004e+00,-1.128928367171553049e+01,1.000000000000000000e+00
-1.940901258893196513e+01,-1.184108320757811583e+01,0.000000000000000000e+00
-2.073862690141268317e+01,-9.285088941468053747e+00,0.000000000000000000e+00
-2.051009173910885863e+01,-9.805340097079989548e+00,0.000000000000000000e+00
-2.074291687130597950e+01,-8.760990166611659191e+00,0.000000000000000000e+00
-2.062524863841258238e+01,-1.037124284495124371e+01,0.000000000000000000e+00
-1.997727488483211289e+01,-9.987897269939200129e+00,0.000000000000000000e+00
-1.165203681936914570e+01,-1.091504982020476788e+01,1.000000000000000000e+00
-2.061877331123260149e+01,-1.010631684984790901e+01,0.000000000000000000e+00
-1.935461425621549836e+01,-8.865815240016605259e+00,0.000000000000000000e+00
-9.911835879946297112e+00,-1.001476749338937999e+01,1.000000000000000000e+00
-2.048547622060236506e+01,-1.076457447972196313e+01,0.000000000000000000e+00
-1.111456043890179757e+01,-8.828900779442061975e+00,1.000000000000000000e+00
-1.155937654534223391e+01,-9.179431950746270275e+00,1.000000000000000000e+00
-1.265802707228789714e+01,-9.710212109630056432e+00,1.000000000000000000e+00
-2.016660597575278757e+01,-1.058955577385089697e+01,0.000000000000000000e+00
-1.945548506154272062e+01,-1.025746900438001319e+01,0.000000000000000000e+00
-1.913141930220501052e+01,-1.026373495556993731e+01,0.000000000000000000e+00
-9.543036653161038885e+00,-1.000719208225304335e+01,1.000000000000000000e+00
-1.984528399576671021e+01,-1.102047301875888863e+01,0.000000000000000000e+00
-2.008875001478752154e+01,-9.029811002018437449e+00,0.000000000000000000e+00
-9.069083705405388329e+00,-9.298296199842566168e+00,1.000000000000000000e+00
-1.911068735345074998e+01,-9.133523809324916698e+00,0.000000000000000000e+00
-1.126080179825343919e+01,-9.160707438349849241e+00,1.000000000000000000e+00
-2.158108831993851240e+01,-1.058357751230199106e+01,0.000000000000000000e+00
-1.086945864955166741e+01,-9.768448991969831852e+00,1.000000000000000000e+00
-1.932872611882258695e+01,-1.085632951887924769e+01,0.000000000000000000e+00
-9.833916191790267547e+00,-8.923778752716449603e+00,1.000000000000000000e+00
-1.017083281713449239e+01,-1.137599320875798981e+01,1.000000000000000000e+00
-9.904979948832687953e+00,-9.633686587618589314e+00,1.000000000000000000e+00
-2.019268082326582103e+01,-9.608442617041760059e+00,0.000000000000000000e+00
-1.897825431936480456e+01,-1.020728787879243527e+01,0.000000000000000000e+00
-2.024023940356267914e+01,-9.978259395274417187e+00,0.000000000000000000e+00
-1.879454066395407352e+01,-1.026548554086259202e+01,0.000000000000000000e+00
-2.027843017800073966e+01,-9.669718710254510796e+00,0.000000000000000000e+00
-9.279192285770665904e+00,-9.446417850269893890e+00,1.000000000000000000e+00
-1.039902180405038301e+01,-1.199475173267977368e+01,1.000000000000000000e+00
-1.017461781924161457e+01,-9.671337775872846265e+00,1.000000000000000000e+00
-1.944115677893455540e+01,-1.026992541346513477e+01,0.000000000000000000e+00
-7.902316288753140405e+00,-1.031050133706612471e+01,1.000000000000000000e+00
-9.221278305276912945e+00,-1.023209212859484296e+01,1.000000000000000000e+00
-2.149956271459475232e+01,-1.094652181252556744e+01,0.000000000000000000e+00
-9.901626950206871669e+00,-9.690044288123285554e+00,1.000000000000000000e+00
-1.838486932728897827e+01,-8.937255475283325978e+00,0.000000000000000000e+00
-1.022739928551526489e+01,-1.120931678580316060e+01,1.000000000000000000e+00
-1.185144817252775518e+01,-9.028980199568335863e+00,1.000000000000000000e+00
-1.929166857672662516e+01,-9.927551465674161690e+00,0.000000000000000000e+00
-1.954407578593403016e+01,-9.463636339083929983e+00,0.000000000000000000e+00
-2.084911774523247630e+01,-1.006786411511290424e+01,0.000000000000000000e+00
-1.957857472651343400e+01,-1.152839206992888954e+01,0.000000000000000000e+00
-1.869223418903248657e+01,-1.114384142104604436e+01,0.000000000000000000e+00
-1.963261049742970243e+01,-1.157941956654615723e+01,0.000000000000000000e+00
-1.039592078089016702e+01,-1.145783119504435987e+01,1.000000000000000000e+00
-2.024591699679211843e+01,-1.096522380061487922e+01,0.000000000000000000e+00
-9.564160100934209652e+00,-1.072252149503555785e+01,1.000000000000000000e+00
-9.996913892634216481e+00,-1.095814901716147993e+01,1.000000000000000000e+00
-1.841329863118871657e+01,-1.044372670764060551e+01,0.000000000000000000e+00
-2.130968537363756354e+01,-9.760908869038363633e+00,0.000000000000000000e+00
-1.984892977811539438e+01,-1.093376608351695900e+01,0.000000000000000000e+00
-9.317080666424294222e+00,-9.555379844373675269e+00,1.000000000000000000e+00
-1.966764470279709442e+01,-1.056198132636558817e+01,0.000000000000000000e+00
-2.001708388009893014e+01,-1.021546991031169149e+01,0.000000000000000000e+00
-2.015914845646132747e+01,-1.217874735040333434e+01,0.000000000000000000e+00
-2.001895394583339538e+01,-1.106238797690678410e+01,0.000000000000000000e+00
-2.119345139746222628e+01,-1.103394343364750085e+01,0.000000000000000000e+00
-2.023521166571708463e+01,-9.111670658586868754e+00,0.000000000000000000e+00
-2.137231269645652887e+01,-1.006695099153597184e+01,0.000000000000000000e+00
-2.010563342943019904e+01,-9.827015984439089635e+00,0.000000000000000000e+00
-9.140237263252860345e+00,-8.683794382201973860e+00,1.000000000000000000e+00
-1.962326423080143911e+01,-9.828454785151960138e+00,0.000000000000000000e+00
-9.168786438242713999e+00,-8.366008596667084518e+00,1.000000000000000000e+00
-1.096586193889669758e+01,-1.017926573603614848e+01,1.000000000000000000e+00
-1.983066901229156187e+01,-1.052673326483722605e+01,0.000000000000000000e+00
-1.144476532835412641e+01,-1.004203753814196709e+01,1.000000000000000000e+00
-1.880463860302318579e+01,-8.356272852853575017e+00,0.000000000000000000e+00
-1.117057470747930559e+01,-1.059312636283731379e+01,1.000000000000000000e+00
-1.997614517300330306e+01,-1.154782530912806138e+01,0.000000000000000000e+00
-2.179069603552049728e+01,-1.205615037558634484e+01,0.000000000000000000e+00
-1.178651351261872549e+01,-9.419188564635742722e+00,1.000000000000000000e+00
-9.332225225914228872e+00,-1.045714945994043177e+01,1.000000000000000000e+00
-1.993592697541883041e+01,-1.177952006693087128e+01,0.000000000000000000e+00
-1.085609565533020415e+01,-9.797806050825560220e+00,1.000000000000000000e+00
-7.142983978802606160e+00,-1.033690830750735401e+01,1.000000000000000000e+00
-2.153400640722887971e+01,-8.442700888249868640e+00,0.000000000000000000e+00
-2.005487771484326487e+01,-1.024445177241509164e+01,0.000000000000000000e+00
-7.317677366081149160e+00,-8.637565138243793683e+00,1.000000000000000000e+00
-1.958531511611823817e+01,-1.053994416467043571e+01,0.000000000000000000e+00
-1.997047469860402558e+01,-9.452343604715707670e+00,0.000000000000000000e+00
-9.918938505799808070e+00,-1.045819845592204622e+01,1.000000000000000000e+00
-8.228052529588039121e+00,-1.000913491887120088e+01,1.000000000000000000e+00
-2.051844690992348674e+01,-8.967956557458471423e+00,0.000000000000000000e+00
-2.066513656234864627e+01,-1.076943959232051995e+01,0.000000000000000000e+00
-1.088325801484471000e+01,-8.221598783164669300e+00,1.000000000000000000e+00
-8.418672593603348631e+00,-7.577428678566114684e+00,1.000000000000000000e+00
-8.837508981537373742e+00,-1.134710669272668859e+01,1.000000000000000000e+00
-2.180885826639287828e+01,-1.049536127577019329e+01,0.000000000000000000e+00
-9.545907388548915407e+00,-8.683420680384044132e+00,1.000000000000000000e+00
-2.067971921476413755e+01,-9.713460255345319538e+00,0.000000000000000000e+00
-1.037785212713606775e+01,-1.034969592774407943e+01,1.000000000000000000e+00
-1.800273375317815550e+01,-9.066659030865020341e+00,0.000000000000000000e+00
-9.314648043669446764e+00,-9.209614485269675299e+00,1.000000000000000000e+00
-1.904404139559380837e+01,-1.028042828131382436e+01,0.000000000000000000e+00
-8.985208937576505406e+00,-1.035893394663971989e+01,1.000000000000000000e+00
-8.337657120724863091e+00,-1.016818198431138143e+01,1.000000000000000000e+00
-2.165004227843436979e+01,-9.159289690028526110e+00,0.000000000000000000e+00
-2.050681545928481597e+01,-1.007251127564279614e+01,0.000000000000000000e+00
-2.005860520486212550e+01,-1.114535430967102592e+01,0.000000000000000000e+00
-9.760419878981325681e+00,-1.060560499492582309e+01,1.000000000000000000e+00
-9.076338577525248752e+00,-1.056854883207541818e+01,1.000000000000000000e+00
-1.986773752912534974e+01,-7.411705832640436142e+00,0.000000000000000000e+00
-2.001881307127472454e+01,-1.080970556405679517e+01,0.000000000000000000e+00
-8.270716086391844968e+00,-1.137631794952661757e+01,1.000000000000000000e+00
-1.053905368250720542e+01,-1.128779003150721572e+01,1.000000000000000000e+00
-1.024956081010125963e+01,-1.025281545951943940e+01,1.000000000000000000e+00
-1.130965432538576820e+01,-9.352313214797087326e+00,1.000000000000000000e+00
-1.007623950481119302e+01,-9.071643811120077672e+00,1.000000000000000000e+00
-2.072529954943044928e+01,-9.221264478768071982e+00,0.000000000000000000e+00
-8.285396378593770095e+00,-9.666659095389244172e+00,1.000000000000000000e+00
-2.035624757420794140e+01,-1.009998915662307084e+01,0.000000000000000000e+00
-9.913490267965441305e+00,-1.173995120528548064e+01,1.000000000000000000e+00
-2.065935282304926801e+01,-9.116502878804874754e+00,0.000000000000000000e+00
-1.003349510525665345e+01,-8.965165732981434488e+00,1.000000000000000000e+00
-1.076390239152010686e+01,-1.013442358642122265e+01,1.000000000000000000e+00
-2.120313193021062403e+01,-8.847661201418402399e+00,0.000000000000000000e+00
-2.117805360252738822e+01,-8.013394483292440640e+00,0.000000000000000000e+00
-1.061210372223669296e+01,-1.025238644317173353e+01,1.000000000000000000e+00
-1.864976609006786745e+01,-1.000860755659509493e+01,0.000000000000000000e+00
-2.060681315260644908e+01,-1.192898352487882363e+01,0.000000000000000000e+00
-2.094147988391142690e+01,-8.909545292717114151e+00,0.000000000000000000e+00
-9.839199158501864773e+00,-9.127353767868454426e+00,1.000000000000000000e+00
-9.688286787702351077e+00,-9.411334122707630812e+00,1.000000000000000000e+00
-2.037591300714029074e+01,-9.375572413670239413e+00,0.000000000000000000e+00
-2.110582811039237683e+01,-9.516459245677275192e+00,0.000000000000000000e+00
-1.032805610486009051e+01,-1.091175077215339151e+01,1.000000000000000000e+00
-1.081119200316731543e+01,-1.101820973474596599e+01,1.000000000000000000e+00
-1.193460209684349493e+01,-8.955682502881217033e+00,1.000000000000000000e+00
-2.040875536821214453e+01,-1.099577388629360186e+01,0.000000000000000000e+00
-2.027667577665554433e+01,-9.842058232440665577e+00,0.000000000000000000e+00
-1.072679718600074672e+01,-1.167215713117117559e+01,1.000000000000000000e+00
-1.823173783008120452e+01,-1.038965450788353095e+01,0.000000000000000000e+00
-1.030722480314701883e+01,-9.009469077849193042e+00,1.000000000000000000e+00
-1.175881578781466175e+01,-1.137195037134660325e+01,1.000000000000000000e+00
-1.029695552785120150e+01,-9.734017798023847590e+00,1.000000000000000000e+00
-2.128671958447998946e+01,-1.166206734523657218e+01,0.000000000000000000e+00
-9.298538157417814531e+00,-1.146934736220167750e+01,1.000000000000000000e+00
-1.050466850660063045e+01,-1.010946416535246328e+01,1.000000000000000000e+00
-7.974406757146503821e+00,-1.055490711043396956e+01,1.000000000000000000e+00
-1.959091715876926187e+01,-1.119380298186547762e+01,0.000000000000000000e+00
-1.970477531086475409e+01,-9.493936207122748883e+00,0.000000000000000000e+00
-9.147121904128406200e+00,-1.152892572983838804e+01,1.000000000000000000e+00
-8.044622702481813548e+00,-9.585032235033827064e+00,1.000000000000000000e+00
-1.998769853779640115e+01,-1.048933184907437344e+01,0.000000000000000000e+00
-7.821600442018338484e+00,-8.654817168850232889e+00,1.000000000000000000e+00
-1.063249866133277344e+01,-1.050142069806117107e+01,1.000000000000000000e+00
-9.988058226991604727e+00,-8.767685376289643173e+00,1.000000000000000000e+00
-9.634178325075790639e+00,-8.111877672171303288e+00,1.000000000000000000e+00
-1.801430847414767911e+01,-1.056372612203401395e+01,0.000000000000000000e+00
-2.028453338675768336e+01,-1.201096976333990618e+01,0.000000000000000000e+00
-1.844207948505342642e+01,-9.156979493952761118e+00,0.000000000000000000e+00
-2.157941565669696615e+01,-1.001481921187960111e+01,0.000000000000000000e+00
-1.911094829345923785e+01,-9.022227835003057805e+00,0.000000000000000000e+00
-9.109707351300203371e+00,-9.184390824889474558e+00,1.000000000000000000e+00
-2.130143279951295909e+01,-1.046530722562295246e+01,0.000000000000000000e+00
-8.798944304530627036e+00,-1.021280728636430446e+01,1.000000000000000000e+00
-1.040206803590101003e+01,-8.484771945762075163e+00,1.000000000000000000e+00
-2.070967407247477610e+01,-1.069489893446417383e+01,0.000000000000000000e+00
-1.061548567871347970e+01,-9.573214498520476567e+00,1.000000000000000000e+00
-1.133513646760409443e+01,-8.742110997326786759e+00,1.000000000000000000e+00
-1.866201278390483509e+01,-9.194140622761430848e+00,0.000000000000000000e+00
-1.898975797903595364e+01,-9.197756018000418976e+00,0.000000000000000000e+00
-1.900658615240209315e+01,-9.050875292821185525e+00,0.000000000000000000e+00
-1.123897461134493092e+01,-1.174195429495695642e+01,1.000000000000000000e+00
-1.947980916809887475e+01,-9.072324373530427977e+00,0.000000000000000000e+00
-9.182825987947511592e+00,-9.355110478886516034e+00,1.000000000000000000e+00
-9.373729928499361819e+00,-9.109919961912638087e+00,1.000000000000000000e+00
-2.231679950607703233e+01,-8.920792538472277045e+00,0.000000000000000000e+00
-2.170941248447298477e+01,-1.012311933619708171e+01,0.000000000000000000e+00
-2.047794473714277785e+01,-9.693790457289338747e+00,0.000000000000000000e+00
-1.072441353301651290e+01,-9.455963509177479409e+00,1.000000000000000000e+00
-2.087090717354861624e+01,-1.174827103965758113e+01,0.000000000000000000e+00
-8.446091335982279347e+00,-1.184289690559674213e+01,1.000000000000000000e+00
-1.988252757538942106e+01,-1.030756099789202374e+01,0.000000000000000000e+00
-2.035646747329983342e+01,-9.712964402448363899e+00,0.000000000000000000e+00
-1.015216901714306985e+01,-9.307348168840009706e+00,1.000000000000000000e+00
-2.142069141061342208e+01,-9.390910550632147746e+00,0.000000000000000000e+00
-1.104873365477461888e+01,-9.902020194003151587e+00,1.000000000000000000e+00
-2.030283885129358623e+01,-9.310088820739306215e+00,0.000000000000000000e+00
-1.960816952834380089e+01,-1.035424056575382679e+01,0.000000000000000000e+00
-9.905908862074298327e+00,-1.193787397742587686e+01,1.000000000000000000e+00
-1.057298641731083855e+01,-8.811977055387519187e+00,1.000000000000000000e+00
-2.076969713604184165e+01,-1.071715626217732442e+01,0.000000000000000000e+00
-1.027330510545236031e+01,-9.179991510338192384e+00,1.000000000000000000e+00
-1.797125615481195382e+01,-9.303783828980192183e+00,0.000000000000000000e+00
-1.053025597680162306e+01,-1.156915501052561446e+01,1.000000000000000000e+00
-1.799596876128700274e+01,-9.795167795305047775e+00,0.000000000000000000e+00
-1.941607080505873029e+01,-9.257007330134623402e+00,0.000000000000000000e+00
-1.287910833555099899e+01,-8.648112418885780528e+00,1.000000000000000000e+00
-1.239901827923740463e+01,-1.137708830057797726e+01,1.000000000000000000e+00
-1.259874883446750005e+01,-1.110866150022602383e+01,1.000000000000000000e+00
-2.033037769064191380e+01,-8.718946595732379734e+00,0.000000000000000000e+00
-1.035450682056205274e+01,-1.017112465858722103e+01,1.000000000000000000e+00
-9.745568568222767070e+00,-9.458984082623857148e+00,1.000000000000000000e+00
-1.892341787586775581e+01,-9.589038902304054091e+00,0.000000000000000000e+00
-9.424961734152816462e+00,-1.051958020848902819e+01,1.000000000000000000e+00
-9.752598262344688962e+00,-9.832401299398354055e+00,1.000000000000000000e+00
-2.094959705338617439e+01,-1.072801104647715142e+01,0.000000000000000000e+00
-2.024863571950660202e+01,-1.024272385946002117e+01,0.000000000000000000e+00
-2.051054325751990604e+01,-1.161452950518677696e+01,0.000000000000000000e+00
-1.943899314539891066e+01,-9.363101861821263583e+00,0.000000000000000000e+00
-1.951441938405660892e+01,-8.349573840706666417e+00,0.000000000000000000e+00
-1.674884472148879766e+01,-9.509753450891004434e+00,0.000000000000000000e+00
-8.806725637126330497e+00,-9.924141856557774588e+00,1.000000000000000000e+00
-1.866652668587196828e+01,-9.189663535427493812e+00,0.000000000000000000e+00
-1.008790368746503319e+01,-9.942406335544097473e+00,1.000000000000000000e+00
-1.201972683053758928e+01,-9.738602808805412181e+00,1.000000000000000000e+00
-1.668387933374709320e+01,-9.273403612049397893e+00,0.000000000000000000e+00
-1.962462064279829121e+01,-1.104986786370433194e+01,0.000000000000000000e+00
-1.062271391750285687e+01,-1.149105963671193997e+01,1.000000000000000000e+00
-9.067498072677873111e+00,-9.409997269106444406e+00,1.000000000000000000e+00
-2.034095711749525037e+01,-9.927827548701531057e+00,0.000000000000000000e+00
-2.072891204153720324e+01,-1.105771549771517215e+01,0.000000000000000000e+00
-1.193400805490020034e+01,-9.324114167605591419e+00,1.000000000000000000e+00
-9.839825076161055506e+00,-8.259319522942519143e+00,1.000000000000000000e+00
-9.154855156324943621e+00,-9.378133351299961618e+00,1.000000000000000000e+00
-9.669546713859075382e+00,-8.868132504184725207e+00,1.000000000000000000e+00
-1.946362786237748921e+01,-9.956874595360494240e+00,0.000000000000000000e+00
-1.893975976675068651e+01,-1.115525997333817898e+01,0.000000000000000000e+00
-1.223334448644566841e+01,-1.007170048786392513e+01,1.000000000000000000e+00
-2.141445784751670089e+01,-9.282595046511151082e+00,0.000000000000000000e+00
-1.987448246537614338e+01,-1.122573532783200889e+01,0.000000000000000000e+00
-1.855781932641138354e+01,-9.593528948455318783e+00,0.000000000000000000e+00
-1.014561665284449710e+01,-9.777670635715653091e+00,1.000000000000000000e+00
-9.118904404363107119e+00,-8.356785659393297649e+00,1.000000000000000000e+00
-1.844618587246795371e+01,-9.864752626352574438e+00,0.000000000000000000e+00
-9.996322024644731741e+00,-1.014642943064175817e+01,1.000000000000000000e+00
-1.937037881147374208e+01,-8.584435904607280676e+00,0.000000000000000000e+00
-1.051049001744938138e+01,-8.708270392591014541e+00,1.000000000000000000e+00
-9.564665660616364917e+00,-1.071492200792559402e+01,1.000000000000000000e+00
-1.932466895305163845e+01,-1.162622438042664896e+01,0.000000000000000000e+00
-1.036932517971212242e+01,-1.215804306192713824e+01,1.000000000000000000e+00
-2.093459880266604145e+01,-8.495568574521783489e+00,0.000000000000000000e+00
-9.981591666781955752e+00,-1.042216835410856746e+01,1.000000000000000000e+00
-1.990315122867653841e+01,-9.117801338943889888e+00,0.000000000000000000e+00
-1.027042310231215616e+01,-9.105582815657538021e+00,1.000000000000000000e+00
-8.921894709953269498e+00,-9.358657324655716536e+00,1.000000000000000000e+00
-1.074980489083212376e+01,-1.028537800796550528e+01,1.000000000000000000e+00
-1.098575285791965328e+01,-1.010781234557136976e+01,1.000000000000000000e+00
-2.010326122748169553e+01,-1.081315059146259827e+01,0.000000000000000000e+00
-1.015335049312204241e+01,-9.079016646486884667e+00,1.000000000000000000e+00
-8.566243634759832304e+00,-1.068150354073990549e+01,1.000000000000000000e+00
-1.080820062262738368e+01,-9.543488593112540386e+00,1.000000000000000000e+00
-8.087172892375138034e+00,-1.105099058110351606e+01,1.000000000000000000e+00
-9.686230239316724777e+00,-1.231806043455581801e+01,1.000000000000000000e+00
-9.699952430821348059e+00,-1.123622732956024528e+01,1.000000000000000000e+00
-9.585020217086714922e+00,-1.128244723033883723e+01,1.000000000000000000e+00
-9.390897138260630328e+00,-1.032161486923129345e+01,1.000000000000000000e+00
-8.673793975912921894e+00,-9.612410487373523438e+00,1.000000000000000000e+00
-8.743248824168627920e+00,-1.061832552715654110e+01,1.000000000000000000e+00
-2.015818569026885143e+01,-1.011759559863487645e+01,0.000000000000000000e+00
-2.023916069702889686e+01,-9.699972860888088633e+00,0.000000000000000000e+00
-9.826069282126404403e+00,-1.177978589066311521e+01,1.000000000000000000e+00
-1.163898012130515092e+01,-7.658233724876701842e+00,1.000000000000000000e+00
-1.912793371311197177e+01,-1.001282374920506335e+01,0.000000000000000000e+00
-2.245924949508169632e+01,-1.000858729175881834e+01,0.000000000000000000e+00
-2.087811937006188856e+01,-9.010884525559257341e+00,0.000000000000000000e+00
-2.045851040636651419e+01,-1.022269833709391484e+01,0.000000000000000000e+00
-8.383150897892074127e+00,-9.977655297322964856e+00,1.000000000000000000e+00
-1.067431555353239325e+01,-1.019905033136095795e+01,1.000000000000000000e+00
-1.973750238522733369e+01,-9.223326213502920368e+00,0.000000000000000000e+00
-2.090565275352041041e+01,-1.085246841118050654e+01,0.000000000000000000e+00
-9.606981290515237859e+00,-1.004945016565332594e+01,1.000000000000000000e+00
-8.606923050750047821e+00,-1.046412866988829649e+01,1.000000000000000000e+00
-2.005384683582191130e+01,-1.185354481634353796e+01,0.000000000000000000e+00
-1.958401542595752076e+01,-1.015382234633936775e+01,0.000000000000000000e+00
-9.236338175264972250e+00,-9.241941958334644269e+00,1.000000000000000000e+00
-2.028263233194606130e+01,-9.478697907190108296e+00,0.000000000000000000e+00
-2.144446731966251818e+01,-9.546375357572740583e+00,0.000000000000000000e+00
-2.041759612249461142e+01,-9.892771312731818867e+00,0.000000000000000000e+00
-8.412304459270925960e+00,-6.971468599543648281e+00,1.000000000000000000e+00
-2.048321973416888397e+01,-9.888870965311685524e+00,0.000000000000000000e+00
-1.965212166656420933e+01,-9.349618083937844659e+00,0.000000000000000000e+00
-2.063153500082594505e+01,-9.407907331182926214e+00,0.000000000000000000e+00
-1.980086389806413649e+01,-1.008642967894544640e+01,0.000000000000000000e+00
-1.089951843555820865e+01,-8.951220788239053761e+00,1.000000000000000000e+00
-2.070218620400036258e+01,-1.175553542823932318e+01,0.000000000000000000e+00
-2.076652212889377580e+01,-1.238669604264578616e+01,0.000000000000000000e+00
-1.067514115730602953e+01,-1.152600743609612088e+01,1.000000000000000000e+00
-1.982609569492074186e+01,-9.370075369002648813e+00,0.000000000000000000e+00
-2.138635380837792610e+01,-1.022089493643588476e+01,0.000000000000000000e+00
-1.002181763624953170e+01,-1.062356300978686363e+01,1.000000000000000000e+00
-1.834190027459845851e+01,-9.724958003077212254e+00,0.000000000000000000e+00
-2.028298545220019733e+01,-8.423622458815783531e+00,0.000000000000000000e+00
-1.945728919453842209e+01,-8.937788729592082149e+00,0.000000000000000000e+00
-2.002856747393710179e+01,-1.040371347378913214e+01,0.000000000000000000e+00
-1.201863836885753756e+01,-8.956873359381447131e+00,1.000000000000000000e+00
-8.946455620517729912e+00,-1.115890467808865161e+01,1.000000000000000000e+00
-2.059455452065895642e+01,-1.085893531266629886e+01,0.000000000000000000e+00
-1.978901931360692856e+01,-1.117188174687567148e+01,0.000000000000000000e+00
-2.123639708626427947e+01,-9.671902488178369950e+00,0.000000000000000000e+00
-1.146356744593136234e+01,-1.261393055931758589e+01,1.000000000000000000e+00
-1.798847953294496449e+01,-8.427957243500925344e+00,0.000000000000000000e+00
-2.001727149287455632e+01,-1.077760732547585576e+01,0.000000000000000000e+00
-1.903188044125692713e+01,-9.882733068761330841e+00,0.000000000000000000e+00
-2.150073468889626582e+01,-1.097841087904787649e+01,0.000000000000000000e+00
-1.003272376497801055e+01,-1.086020996446929843e+01,1.000000000000000000e+00
-2.136340278929766612e+01,-1.108404257693092987e+01,0.000000000000000000e+00
-1.088506185219245914e+01,-1.001345825326394845e+01,1.000000000000000000e+00
-9.511472680929841772e+00,-1.045288336239963201e+01,1.000000000000000000e+00
-1.143086929880181479e+01,-8.316001064487043237e+00,1.000000000000000000e+00
-2.016305972549236714e+01,-7.492962660047152390e+00,0.000000000000000000e+00
-1.111875237764081348e+01,-8.402686834906129221e+00,1.000000000000000000e+00
-1.205083542874438152e+01,-1.031371424792412306e+01,1.000000000000000000e+00
-2.044531137533312659e+01,-1.013125699362975496e+01,0.000000000000000000e+00
-2.044975680873961466e+01,-1.099177557530826732e+01,0.000000000000000000e+00
-8.677258475999273912e+00,-9.714661971516070693e+00,1.000000000000000000e+00
-1.092147979262024649e+01,-8.462579658175185315e+00,1.000000000000000000e+00
-2.025781979942763655e+01,-1.141968878286627032e+01,0.000000000000000000e+00
-9.551592785266555197e+00,-1.088508337539477822e+01,1.000000000000000000e+00
-1.960058066745435923e+01,-1.052742515708312077e+01,0.000000000000000000e+00
-1.031650639320650598e+01,-9.024728939777460823e+00,1.000000000000000000e+00
-9.267527497186835106e+00,-9.869721193796795689e+00,1.000000000000000000e+00
-9.520228329336926976e+00,-1.026356516468661084e+01,1.000000000000000000e+00
-1.123157920995954662e+01,-8.978640193933230762e+00,1.000000000000000000e+00
-1.913188550302061586e+01,-1.008289011653716116e+01,0.000000000000000000e+00
-1.057450143944878107e+01,-9.046824140456687147e+00,1.000000000000000000e+00
-1.051395102403872173e+01,-1.004654670672648642e+01,1.000000000000000000e+00
-1.935697941673028666e+01,-1.065304666363276809e+01,0.000000000000000000e+00
-1.957451035071559886e+01,-9.252127844103203103e+00,0.000000000000000000e+00
-1.953487389616216774e+01,-8.792566079828176839e+00,0.000000000000000000e+00
-9.321011878691036756e+00,-1.048683591408327409e+01,1.000000000000000000e+00
-9.682719198579377462e+00,-9.666330755231234306e+00,1.000000000000000000e+00
-1.154371909794027573e+01,-1.010039238275081708e+01,1.000000000000000000e+00
-1.003551880285079001e+01,-1.020271158533952693e+01,1.000000000000000000e+00
-9.211572597740378399e+00,-1.151869546099165476e+01,1.000000000000000000e+00
-9.316585949904570896e+00,-1.067333660560804276e+01,1.000000000000000000e+00
-2.039082668744368831e+01,-1.001649269105899975e+01,0.000000000000000000e+00
-1.807152365577782405e+01,-9.400364873769062157e+00,0.000000000000000000e+00
-2.037208573412970836e+01,-1.086901476180935155e+01,0.000000000000000000e+00
-1.128031821019187220e+01,-1.071051180468170472e+01,1.000000000000000000e+00
-9.220228555950507499e+00,-9.304870553240704112e+00,1.000000000000000000e+00
-1.042905841843064785e+01,-8.163688085935113747e+00,1.000000000000000000e+00
-1.877853143042705142e+01,-1.295038442835438985e+01,0.000000000000000000e+00
